"Message",Low,"Uruchamianie kompilacji platformy .NET Native"
"Message",Low,""
"Message",Low,""
"Message",Low,"Zadanie „Gatekeeper”"
"Message",Normal,"Uruchamianie elementu „C:\Program Files (x86)\Microsoft SDKs\UWPNuGetPackages\runtime.win10-x86.microsoft.net.native.compiler\2.2.7-rel-27913-00\tools\x86\ilc\ilc.exe --gatekeeper @""D:\Documents\Hackathon\FoodChecker\obj\x86\Release\ilc\intermediate\gkargs.rsp""”"
"Message",Low,"Microsoft (R) .NET Native Gatekeeper wersja 2.2.27913.00 "
"Message",Low,"Copyright (C) Microsoft Corporation.  All rights reserved. "
"Message",Low," "
"Message",Low,"ILCTelemetry: System.ArgumentException: Could not deserialize to TelemetrySession object"
"Message",Low,"Nazwa parametru: serializedSession ---> System.Runtime.Serialization.SerializationException: Wystapil blad podczas deserializacji obiektu typu Microsoft.VisualStudio.Telemetry.TelemetrySessionSettings. Oczekiwano tokenu ,"""" ale znaleziono ,I"". ---> System.Xml.XmlException: Oczekiwano tokenu ,"""" ale znaleziono ,I""."
"Message",Low,"   w System.Xml.XmlExceptionHelper.ThrowXmlException(XmlDictionaryReader reader, String res, String arg1, String arg2, String arg3)"
"Message",Low,"   w System.Xml.XmlExceptionHelper.ThrowTokenExpected(XmlDictionaryReader reader, String expected, Char found)"
"Message",Low,"   w System.Runtime.Serialization.Json.XmlJsonReader.ReadServerTypeAttribute(Boolean consumedObjectChar)"
"Message",Low,"   w System.Runtime.Serialization.Json.XmlJsonReader.ReadAttributes()"
"Message",Low,"   w System.Runtime.Serialization.Json.XmlJsonReader.ReadNonExistentElementName(StringHandleConstStringType elementName)"
"Message",Low,"   w System.Runtime.Serialization.Json.XmlJsonReader.Read()"
"Message",Low,"   w System.Xml.XmlBaseReader.IsStartElement()"
"Message",Low,"   w System.Xml.XmlBaseReader.IsStartElement(XmlDictionaryString localName, XmlDictionaryString namespaceUri)"
"Message",Low,"   w System.Runtime.Serialization.XmlReaderDelegator.IsStartElement(XmlDictionaryString localname, XmlDictionaryString ns)"
"Message",Low,"   w System.Runtime.Serialization.XmlObjectSerializer.IsRootElement(XmlReaderDelegator reader, DataContract contract, XmlDictionaryString name, XmlDictionaryString ns)"
"Message",Low,"   w System.Runtime.Serialization.Json.DataContractJsonSerializer.InternalIsStartObject(XmlReaderDelegator reader)"
"Message",Low,"   w System.Runtime.Serialization.Json.DataContractJsonSerializer.InternalReadObject(XmlReaderDelegator xmlReader, Boolean verifyObjectName)"
"Message",Low,"   w System.Runtime.Serialization.XmlObjectSerializer.InternalReadObject(XmlReaderDelegator reader, Boolean verifyObjectName, DataContractResolver dataContractResolver)"
"Message",Low,"   w System.Runtime.Serialization.XmlObjectSerializer.ReadObjectHandleExceptions(XmlReaderDelegator reader, Boolean verifyObjectName, DataContractResolver dataContractResolver)"
"Message",Low,"   --- Koniec sladu stosu wyjatk�w wewnetrznych ---"
"Message",Low,"   w System.Runtime.Serialization.XmlObjectSerializer.ReadObjectHandleExceptions(XmlReaderDelegator reader, Boolean verifyObjectName, DataContractResolver dataContractResolver)"
"Message",Low,"   w System.Runtime.Serialization.Json.DataContractJsonSerializer.ReadObject(XmlDictionaryReader reader)"
"Message",Low,"   w System.Runtime.Serialization.Json.DataContractJsonSerializer.ReadObject(Stream stream)"
"Message",Low,"   w Microsoft.VisualStudio.Telemetry.TelemetrySessionSettings.Deserialize(String settings)"
"Message",Low,"   w Microsoft.VisualStudio.Telemetry.TelemetrySessionSettings.Parse(String serializedSession)"
"Message",Low,"   --- Koniec sladu stosu wyjatk�w wewnetrznych ---"
"Message",Low,"   w Microsoft.VisualStudio.Telemetry.TelemetrySessionSettings.Parse(String serializedSession)"
"Message",Low,"   w ILCTelemetry.Program.ReadEvents()"
"Message",Low,"   w ILCTelemetry.Program.Main(String[] args)"
"Message",Low,"Sprawdzanie zestawu ,D:\Documents\Hackathon\FoodChecker\obj\x86\Release\ilc\in\BouncyCastle.Crypto.dll"". "
"Message",Low,"Sprawdzanie zestawu ,D:\Documents\Hackathon\FoodChecker\obj\x86\Release\ilc\in\FoodChecker.exe"". "
"Message",Low,"Sprawdzanie zestawu ,D:\Documents\Hackathon\FoodChecker\obj\x86\Release\ilc\in\Google.Protobuf.dll"". "
"Message",Low,"Sprawdzanie zestawu ,D:\Documents\Hackathon\FoodChecker\obj\x86\Release\ilc\in\MySql.Data.dll"". "
"Message",Low,"Sprawdzanie zestawu ,D:\Documents\Hackathon\FoodChecker\obj\x86\Release\ilc\in\Renci.SshNet.dll"". "
"Message",Low,"Sprawdzanie zestawu ,D:\Documents\Hackathon\FoodChecker\obj\x86\Release\ilc\in\SshNet.Security.Cryptography.dll"". "
"Message",Normal,"Element „C:\Program Files (x86)\Microsoft SDKs\UWPNuGetPackages\runtime.win10-x86.microsoft.net.native.compiler\2.2.7-rel-27913-00\tools\x86\ilc\ilc.exe --gatekeeper @""D:\Documents\Hackathon\FoodChecker\obj\x86\Release\ilc\intermediate\gkargs.rsp""” został zakończony."
"Message",Normal,"Statystyki wykonania procesu (wszystkie czasy w milisekundach)"
"Message",Normal,"-----------------------------------------------------------------------------"
"Message",Normal,"uruchom.| start  |  stop  |koniec |czas trwania|okres istn.|nazwa [szczelina]"
"Message",Normal,"-----------------------------------------------------------------------------"
"Message",Normal,"       0 |       47 |      484 |      484 |      437 |      484 | [0] Gatekeeper"
"Message",Normal,"Liczba poleceń:   1"
"Message",Normal,"Łączny czas systemowy:     484 ms"
"Message",Normal,"Czas systemowy na polecenie: 484 ms"
"Message",Normal,"Łączny czas trwania:     437 ms"
"Message",Normal,"Łączny okres istnienia:     484 ms"
"Message",Normal,"Żądany stopień równoległości:      8"
"Message",Normal,"Stopień równoległości czasu trwania:      0,9"
"Message",Normal,"Stopień równoległości okresu istnienia:      1,0"
"Message",Low,"Zakończono wykonywanie zadania „Gatekeeper”."
"Message",Low,"Zakończono kompilowanie celu „RunGatekeeper” w pliku „Preparation”."
"Message",Low,""
"Message",Low,"Zakończono kompilowanie celu „CreateToolchainGeneratedAssembly” w pliku „Preparation”."
"Message",Low,""
"Message",Low,"Zadanie „PreMergeAssemblyClosure”"
"Message",Low,"Zakończono wykonywanie zadania „PreMergeAssemblyClosure”."
"Message",Low,"Zakończono kompilowanie celu „ConstructPreMergeAssemblyClosure” w pliku „Preparation”."
"Message",Low,""
"Message",Low,"Zadanie „McgReferenceResolveFilePath”"
"Message",Low,"Zakończono wykonywanie zadania „McgReferenceResolveFilePath”."
"Message",Low,"Zakończono kompilowanie celu „PreResolveTransforms” w pliku „Preparation”."
"Message",Low,""
"Message",Low,"Zadanie „ResolveToolchainRequiredAssemblyRoots”"
"Message",Low,"Zakończono wykonywanie zadania „ResolveToolchainRequiredAssemblyRoots”."
"Message",Low,"Zadanie „ILTransformAssemblyClosure”"
"Message",Low,"Zakończono wykonywanie zadania „ILTransformAssemblyClosure”."
"Message",Low,"Zadanie „ResolveToolchainRequiredAssemblyRoots”"
"Message",Low,"Zakończono wykonywanie zadania „ResolveToolchainRequiredAssemblyRoots”."
"Message",Low,"Zadanie „ReducedCopyAssemblyClosure”"
"Message",Low,"Zakończono wykonywanie zadania „ReducedCopyAssemblyClosure”."
"Message",Low,"Zakończono kompilowanie celu „ConstructILTransformAssemblyClosure” w pliku „Preparation”."
"Message",Low,"Zakończono kompilowanie projektu „Preparation”."
"Message",Low,""
"Message",Low,""
"Message",High,"Przetwarzanie kodu aplikacji"
"Message",Low,"Zadanie „RunILTransforms”"
"Message",Normal,"Uruchamianie przekształcenia „DumpNativeResources”, wielkość sterty 17 MB."
"Message",Normal,"Uruchamianie przekształcenia „Analysis”, wielkość sterty 31 MB."
"Message",Low,"Trwa ładowanie 120 modułów..."
"Message",Normal,"Zaimportowano dyrektywy odbicia z 16 plików:"
"Message",Normal,"D:\Documents\Hackathon\FoodChecker\obj\x86\Release\ilc\in\Properties\Default.rd.xml"
"Message",Normal,"Osadzono manifest w System.Private.Interop: Resources.System.Private.Interop.rd.xml"
"Message",Normal,"Osadzono manifest w System.Private.WinRTInterop.CoreLib: Resources.System.Private.WinRTInterop.CoreLib.rd.xml"
"Message",Normal,"Osadzono manifest w System.Runtime.WindowsRuntime.UI.Xaml: Resources.System.Runtime.WindowsRuntime.UI.Xaml.rd.xml"
"Message",Normal,"Osadzono manifest w Renci.SshNet: Renci.SshNet.Properties.Renci.SshNet.UAP10.rd.xml"
"Message",Normal,"Osadzono manifest w System.Data.Common: Resources.System.Data.Common.rd.xml"
"Message",Normal,"Osadzono manifest w System.Private.CoreLib: Resources.System.Private.CoreLib.rd.xml"
"Message",Normal,"Osadzono manifest w System.Private.Uri: Resources.System.Private.Uri.rd.xml"
"Message",Normal,"Osadzono manifest w System.Private.Reflection.Core: System.Private.Reflection.Core.rd.xml"
"Message",Normal,"Osadzono manifest w System.Net.Primitives: Resources.System.Net.Primitives.rd.xml"
"Message",Normal,"Osadzono manifest w System.ComponentModel.TypeConverter: System.ComponentModel.TypeConverter.Resources.System.ComponentModel.TypeConverter.rd.xml"
"Message",Normal,"Osadzono manifest w System.Private.Xml: System.Xml.Resources.System.Private.Xml.rd.xml"
"Message",Normal,"Osadzono manifest w System.Runtime.Serialization.Formatters: System.Runtime.Serialization.Formatters.Resources.System.Runtime.Serialization.Formatters.rd.xml"
"Message",Normal,"Osadzono manifest w System.Linq.Expressions: System.Linq.Expressions.Resources.System.Linq.Expressions.rd.xml"
"Message",Normal,"Osadzono manifest w System.Private.DataContractSerialization: System.Private.DataContractSerialization.Resources.System.Private.DataContractSerialization.rd.xml"
"Message",Normal,"Osadzono manifest w System.Runtime.Serialization.Primitives: System.Runtime.Serialization.Primitives.Resources.System.Runtime.Serialization.Primitives.rd.xml"
"Message",Normal,"Zaimportowano elementy główne XAML z 1 plików:"
"Message",Normal,"D:\Documents\Hackathon\FoodChecker\obj\x86\Release\ilc\in\FoodChecker.xr.xml"
"Message",Normal,"Uruchamianie przekształcenia „Mcg”, wielkość sterty 420 MB."
"Message",High,"Obliczanie zamknięcia aplikacji i generowanie kodu międzyoperacyjnego"
"Message",High,"  Trwa ładowanie 120 modułów..."
"Message",Normal,"          Element P/Invoke „CreateFileW” rozpoznano jako „CreateFileW!Kernel32” z „SupportedAPIs.xml”."
"Message",Normal,"          Element P/Invoke „PeekNamedPipe” rozpoznano jako „PeekNamedPipe!kernel32.dll” z „SupportedAPIs.xml”."
"Message",Normal,"          Element P/Invoke „ReadFile” rozpoznano jako „ReadFile!kernel32.dll” z „SupportedAPIs.xml”."
"Message",Normal,"          Element P/Invoke „WriteFile” rozpoznano jako „WriteFile!Kernel32” z „SupportedAPIs.xml”."
"Message",Normal,"          Element P/Invoke „CloseHandle” rozpoznano jako „CloseHandle!kernel32.dll” z „SupportedAPIs.xml”."
"Message",Normal,"          Element P/Invoke „CancelIo” rozpoznano jako „CancelIo!kernel32.dll” z „SupportedAPIs.xml”."
"Message",Normal,"          Element P/Invoke „FlushFileBuffers” rozpoznano jako „FlushFileBuffers!kernel32.dll” z „SupportedAPIs.xml”."
"Message",Normal,"          Element P/Invoke „OpenEventW” rozpoznano jako „OpenEventW!kernel32.dll” z „SupportedAPIs.xml”."
"Message",Normal,"          Element P/Invoke „OpenFileMappingW” rozpoznano jako „OpenFileMappingW!kernel32.dll” z „SupportedAPIs.xml”."
"Message",Normal,"          Element P/Invoke „MapViewOfFile” rozpoznano jako „MapViewOfFile!kernel32.dll” z „SupportedAPIs.xml”."
"Message",Normal,"          Element P/Invoke „UnmapViewOfFile” rozpoznano jako „UnmapViewOfFile!kernel32.dll” z „SupportedAPIs.xml”."
"Message",Normal,"          Element P/Invoke „FlushViewOfFile” rozpoznano jako „FlushViewOfFile!kernel32.dll” z „SupportedAPIs.xml”."
"Message",Normal,"          Element P/Invoke „WaitNamedPipeA” rozpoznano jako „WaitNamedPipeA!kernel32.dll” z „SupportedAPIs.xml”."
"Message",Normal,"          Element P/Invoke „socket” rozpoznano jako „socket!ws2_32.dll” z „SupportedAPIs.xml”."
"Message",Normal,"          Element P/Invoke „ioctlsocket” rozpoznano jako „ioctlsocket!ws2_32.dll” z „SupportedAPIs.xml”."
"Message",Normal,"          Element P/Invoke „WSAIoctl” rozpoznano jako „WSAIoctl!ws2_32.dll” z „SupportedAPIs.xml”."
"Message",Normal,"          Element P/Invoke „WSAGetLastError” rozpoznano jako „WSAGetLastError!ws2_32.dll” z „SupportedAPIs.xml”."
"Message",Normal,"          Element P/Invoke „connect” rozpoznano jako „connect!ws2_32.dll” z „SupportedAPIs.xml”."
"Message",Normal,"          Element P/Invoke „recv” rozpoznano jako „recv!ws2_32.dll” z „SupportedAPIs.xml”."
"Message",Normal,"          Element P/Invoke „send” rozpoznano jako „send!ws2_32.Dll” z „SupportedAPIs.xml”."
"Warning",,0,0,"      MCG : warning MCG0007: Nierozpoznana metoda P/Invoke „secur32!AcquireCredentialsHandle” dla metody „System.Int32 MySql.Data.MySqlClient.Authentication.MySqlWindowsAuthenticationPlugin.AcquireCredentialsHandle(System.String, System.String, System.Int32, System.IntPtr, System.IntPtr, System.Int32, System.IntPtr, MySql.Data.MySqlClient.Authentication.SECURITY_HANDLE, MySql.Data.MySqlClient.Authentication.SECURITY_INTEGER)”. Wywołanie tej metody spowoduje zgłoszenie wyjątku w czasie wykonywania. Upewnij się, że metoda P/Invoke wskazuje interfejs API systemu Windows dozwolony w aplikacjach platformy UWP lub natywną bibliotekę DLL należącą do pakietu. Jeśli z jakiejś przyczyny metoda P/Invoke nie spełnia tych wymagań, użyj atrybutu [DllImport(ExactSpelling=true)], aby wskazać, że rozumiesz konsekwencje wynikające z korzystania z interfejsów API nienależących do platformy UWP."
"Warning",,0,0,"      MCG : warning MCG0007: Nierozpoznana metoda P/Invoke „secur32!InitializeSecurityContext” dla metody „System.Int32 MySql.Data.MySqlClient.Authentication.MySqlWindowsAuthenticationPlugin.InitializeSecurityContext(MySql.Data.MySqlClient.Authentication.SECURITY_HANDLE, System.IntPtr, System.String, System.Int32, System.Int32, System.Int32, System.IntPtr, System.Int32, MySql.Data.MySqlClient.Authentication.SECURITY_HANDLE, MySql.Data.MySqlClient.Authentication.SecBufferDesc, System.UInt32, MySql.Data.MySqlClient.Authentication.SECURITY_INTEGER)”. Wywołanie tej metody spowoduje zgłoszenie wyjątku w czasie wykonywania. Upewnij się, że metoda P/Invoke wskazuje interfejs API systemu Windows dozwolony w aplikacjach platformy UWP lub natywną bibliotekę DLL należącą do pakietu. Jeśli z jakiejś przyczyny metoda P/Invoke nie spełnia tych wymagań, użyj atrybutu [DllImport(ExactSpelling=true)], aby wskazać, że rozumiesz konsekwencje wynikające z korzystania z interfejsów API nienależących do platformy UWP."
"Warning",,0,0,"      MCG : warning MCG0007: Nierozpoznana metoda P/Invoke „secur32!InitializeSecurityContext” dla metody „System.Int32 MySql.Data.MySqlClient.Authentication.MySqlWindowsAuthenticationPlugin.InitializeSecurityContext(MySql.Data.MySqlClient.Authentication.SECURITY_HANDLE, MySql.Data.MySqlClient.Authentication.SECURITY_HANDLE, System.String, System.Int32, System.Int32, System.Int32, MySql.Data.MySqlClient.Authentication.SecBufferDesc, System.Int32, MySql.Data.MySqlClient.Authentication.SECURITY_HANDLE, MySql.Data.MySqlClient.Authentication.SecBufferDesc, System.UInt32, MySql.Data.MySqlClient.Authentication.SECURITY_INTEGER)”. Wywołanie tej metody spowoduje zgłoszenie wyjątku w czasie wykonywania. Upewnij się, że metoda P/Invoke wskazuje interfejs API systemu Windows dozwolony w aplikacjach platformy UWP lub natywną bibliotekę DLL należącą do pakietu. Jeśli z jakiejś przyczyny metoda P/Invoke nie spełnia tych wymagań, użyj atrybutu [DllImport(ExactSpelling=true)], aby wskazać, że rozumiesz konsekwencje wynikające z korzystania z interfejsów API nienależących do platformy UWP."
"Warning",,0,0,"      MCG : warning MCG0007: Nierozpoznana metoda P/Invoke „secur32!CompleteAuthToken” dla metody „System.Int32 MySql.Data.MySqlClient.Authentication.MySqlWindowsAuthenticationPlugin.CompleteAuthToken(MySql.Data.MySqlClient.Authentication.SECURITY_HANDLE, MySql.Data.MySqlClient.Authentication.SecBufferDesc)”. Wywołanie tej metody spowoduje zgłoszenie wyjątku w czasie wykonywania. Upewnij się, że metoda P/Invoke wskazuje interfejs API systemu Windows dozwolony w aplikacjach platformy UWP lub natywną bibliotekę DLL należącą do pakietu. Jeśli z jakiejś przyczyny metoda P/Invoke nie spełnia tych wymagań, użyj atrybutu [DllImport(ExactSpelling=true)], aby wskazać, że rozumiesz konsekwencje wynikające z korzystania z interfejsów API nienależących do platformy UWP."
"Warning",,0,0,"      MCG : warning MCG0007: Nierozpoznana metoda P/Invoke „secur32.Dll!QueryContextAttributes” dla metody „System.Int32 MySql.Data.MySqlClient.Authentication.MySqlWindowsAuthenticationPlugin.QueryContextAttributes(MySql.Data.MySqlClient.Authentication.SECURITY_HANDLE, System.UInt32, MySql.Data.MySqlClient.Authentication.SecPkgContext_Sizes)”. Wywołanie tej metody spowoduje zgłoszenie wyjątku w czasie wykonywania. Upewnij się, że metoda P/Invoke wskazuje interfejs API systemu Windows dozwolony w aplikacjach platformy UWP lub natywną bibliotekę DLL należącą do pakietu. Jeśli z jakiejś przyczyny metoda P/Invoke nie spełnia tych wymagań, użyj atrybutu [DllImport(ExactSpelling=true)], aby wskazać, że rozumiesz konsekwencje wynikające z korzystania z interfejsów API nienależących do platformy UWP."
"Warning",,0,0,"      MCG : warning MCG0007: Nierozpoznana metoda P/Invoke „secur32.Dll!FreeCredentialsHandle” dla metody „System.Int32 MySql.Data.MySqlClient.Authentication.MySqlWindowsAuthenticationPlugin.FreeCredentialsHandle(MySql.Data.MySqlClient.Authentication.SECURITY_HANDLE)”. Wywołanie tej metody spowoduje zgłoszenie wyjątku w czasie wykonywania. Upewnij się, że metoda P/Invoke wskazuje interfejs API systemu Windows dozwolony w aplikacjach platformy UWP lub natywną bibliotekę DLL należącą do pakietu. Jeśli z jakiejś przyczyny metoda P/Invoke nie spełnia tych wymagań, użyj atrybutu [DllImport(ExactSpelling=true)], aby wskazać, że rozumiesz konsekwencje wynikające z korzystania z interfejsów API nienależących do platformy UWP."
"Warning",,0,0,"      MCG : warning MCG0007: Nierozpoznana metoda P/Invoke „secur32.Dll!DeleteSecurityContext” dla metody „System.Int32 MySql.Data.MySqlClient.Authentication.MySqlWindowsAuthenticationPlugin.DeleteSecurityContext(MySql.Data.MySqlClient.Authentication.SECURITY_HANDLE)”. Wywołanie tej metody spowoduje zgłoszenie wyjątku w czasie wykonywania. Upewnij się, że metoda P/Invoke wskazuje interfejs API systemu Windows dozwolony w aplikacjach platformy UWP lub natywną bibliotekę DLL należącą do pakietu. Jeśli z jakiejś przyczyny metoda P/Invoke nie spełnia tych wymagań, użyj atrybutu [DllImport(ExactSpelling=true)], aby wskazać, że rozumiesz konsekwencje wynikające z korzystania z interfejsów API nienależących do platformy UWP."
"Message",Normal,"          Element P/Invoke „RhpGetFuncEvalParameterBufferSize” z atrybutem [DllImport(ExactSpelling=true)] rozpoznano jako „[MRT]!RhpGetFuncEvalParameterBufferSize”."
"Message",Normal,"          Element P/Invoke „RhpGetFuncEvalMode” z atrybutem [DllImport(ExactSpelling=true)] rozpoznano jako „[MRT]!RhpGetFuncEvalMode”."
"Message",Normal,"          Element P/Invoke „RhpRecordDebuggeeInitiatedHandle” z atrybutem [DllImport(ExactSpelling=true)] rozpoznano jako „[MRT]!RhpRecordDebuggeeInitiatedHandle”."
"Message",Normal,"          Element P/Invoke „RhpVerifyDebuggerCleanup” z atrybutem [DllImport(ExactSpelling=true)] rozpoznano jako „[MRT]!RhpVerifyDebuggerCleanup”."
"Message",Normal,"          Element P/Invoke „RhpGetCurrentThread” z atrybutem [DllImport(ExactSpelling=true)] rozpoznano jako „[MRT]!RhpGetCurrentThread”."
"Message",Normal,"          Element P/Invoke „RhWaitForPendingFinalizers” z atrybutem [DllImport(ExactSpelling=true)] rozpoznano jako „[MRT]!RhWaitForPendingFinalizers”."
"Message",Normal,"          Element P/Invoke „RhYield” z atrybutem [DllImport(ExactSpelling=true)] rozpoznano jako „[MRT]!RhYield”."
"Message",Normal,"          Element P/Invoke „RhFlushProcessWriteBuffers” z atrybutem [DllImport(ExactSpelling=true)] rozpoznano jako „[MRT]!RhFlushProcessWriteBuffers”."
"Message",Normal,"          Element P/Invoke „RhCompatibleReentrantWaitAny” z atrybutem [DllImport(ExactSpelling=true)] rozpoznano jako „[MRT]!RhCompatibleReentrantWaitAny”."
"Message",Normal,"          Element P/Invoke „RhCallDescrWorker” z atrybutem [DllImport(ExactSpelling=true)] rozpoznano jako „[MRT]!RhCallDescrWorker”."
"Message",Normal,"          Element P/Invoke „_ecvt_s” z atrybutem [DllImport(ExactSpelling=true)] rozpoznano jako „[MRT]!_ecvt_s”."
"Message",Normal,"          Element P/Invoke „memmove” z atrybutem [DllImport(ExactSpelling=true)] rozpoznano jako „[MRT]!memmove”."
"Message",Normal,"          Element P/Invoke „memset” z atrybutem [DllImport(ExactSpelling=true)] rozpoznano jako „[MRT]!memset”."
"Message",Normal,"          Element P/Invoke „CallingConventionConverter_GetStubs” z atrybutem [DllImport(ExactSpelling=true)] rozpoznano jako „*!CallingConventionConverter_GetStubs”."
"Message",Normal,"          Element P/Invoke „WindowsCreateStringReference” rozpoznano jako „WindowsCreateStringReference!api-ms-win-core-winrt-string-l1-1-0.dll” z „SupportedAPIs.xml”."
"Message",Normal,"          Element P/Invoke „GetLastError” rozpoznano jako „GetLastError!api-ms-win-core-errorhandling-l1-1-0.dll” z „SupportedAPIs.xml”."
"Message",Normal,"          Element P/Invoke „SetLastError” rozpoznano jako „SetLastError!api-ms-win-core-errorhandling-l1-1-0.dll” z „SupportedAPIs.xml”."
"Message",Normal,"          Element P/Invoke „RoInitialize” rozpoznano jako „RoInitialize!api-ms-win-core-winrt-l1-1-0.dll” z „SupportedAPIs.xml”."
"Message",Normal,"          Element P/Invoke „IsValidLocaleName” rozpoznano jako „IsValidLocaleName!api-ms-win-core-localization-l1-2-0.dll” z „SupportedAPIs.xml”."
"Message",Normal,"          Element P/Invoke „ResolveLocaleName” rozpoznano jako „ResolveLocaleName!api-ms-win-core-localization-l1-2-0.dll” z „SupportedAPIs.xml”."
"Message",Normal,"          Element P/Invoke „CryptEncrypt” rozpoznano jako „CryptEncrypt!advapi32.dll” z „SupportedAPIs.xml”."
"Message",Normal,"          Element P/Invoke „WSAStartup” rozpoznano jako „WSAStartup!ws2_32.dll” z „SupportedAPIs.xml”."
"Message",Normal,"          Element P/Invoke „CertControlStore” rozpoznano jako „CertControlStore!crypt32.dll” z „SupportedAPIs.xml”."
"Message",Normal,"          Element P/Invoke „GetCurrentProcessId” rozpoznano jako „GetCurrentProcessId!kernel32.dll” z „SupportedAPIs.xml”."
"Message",Normal,"          Element P/Invoke „listen” rozpoznano jako „listen!ws2_32.dll” z „SupportedAPIs.xml”."
"Message",Normal,"          Element P/Invoke „shutdown” rozpoznano jako „shutdown!ws2_32.dll” z „SupportedAPIs.xml”."
"Message",Normal,"          Element P/Invoke „getsockname” rozpoznano jako „getsockname!ws2_32.dll” z „SupportedAPIs.xml”."
"Message",Normal,"          Element P/Invoke „getpeername” rozpoznano jako „getpeername!ws2_32.dll” z „SupportedAPIs.xml”."
"Message",Normal,"          Element P/Invoke „ioctlsocket” rozpoznano jako „ioctlsocket!ws2_32.dll” z „SupportedAPIs.xml”."
"Message",Normal,"          Element P/Invoke „setsockopt” rozpoznano jako „setsockopt!ws2_32.dll” z „SupportedAPIs.xml”."
"Message",Normal,"          Element P/Invoke „CryptGetKeyParam” rozpoznano jako „CryptGetKeyParam!advapi32.dll” z „SupportedAPIs.xml”."
"Message",Normal,"          Element P/Invoke „RevertToSelf” rozpoznano jako „RevertToSelf!advapi32.dll” z „SupportedAPIs.xml”."
"Message",Normal,"          Element P/Invoke „ImpersonateLoggedOnUser” rozpoznano jako „ImpersonateLoggedOnUser!advapi32.dll” z „SupportedAPIs.xml”."
"Message",Normal,"          Element P/Invoke „CertDuplicateCertificateContext” rozpoznano jako „CertDuplicateCertificateContext!crypt32.dll” z „SupportedAPIs.xml”."
"Message",Normal,"          Element P/Invoke „CertGetCertificateContextProperty” rozpoznano jako „CertGetCertificateContextProperty!crypt32.dll” z „SupportedAPIs.xml”."
"Message",Normal,"          Element P/Invoke „getsockopt” rozpoznano jako „getsockopt!ws2_32.dll” z „SupportedAPIs.xml”."
"Message",Normal,"          Element P/Invoke „recv” rozpoznano jako „recv!ws2_32.dll” z „SupportedAPIs.xml”."
"Message",Normal,"          Element P/Invoke „send” rozpoznano jako „send!ws2_32.dll” z „SupportedAPIs.xml”."
"Message",Normal,"          Element P/Invoke „CryptQueryObject” rozpoznano jako „CryptQueryObject!crypt32.dll” z „SupportedAPIs.xml”."
"Message",Normal,"          Element P/Invoke „WSAIoctl” rozpoznano jako „WSAIoctl!ws2_32.dll” z „SupportedAPIs.xml”."
"Message",Normal,"          Element P/Invoke „CertOpenStore” rozpoznano jako „CertOpenStore!crypt32.dll” z „SupportedAPIs.xml”."
"Message",Normal,"          Element P/Invoke „WSAConnect” rozpoznano jako „WSAConnect!ws2_32.dll” z „SupportedAPIs.xml”."
"Message",Normal,"          Element P/Invoke „bind” rozpoznano jako „bind!ws2_32.dll” z „SupportedAPIs.xml”."
"Message",Normal,"          Element P/Invoke „select” rozpoznano jako „select!ws2_32.dll” z „SupportedAPIs.xml”."
"Message",Normal,"          Element P/Invoke „select” rozpoznano jako „select!ws2_32.dll” z „SupportedAPIs.xml”."
"Message",Normal,"          Element P/Invoke „CreateDirectoryW” rozpoznano jako „CreateDirectoryW!kernel32.dll” z „SupportedAPIs.xml”."
"Message",Normal,"          Element P/Invoke „CryptSetProvParam” rozpoznano jako „CryptSetProvParam!advapi32.dll” z „SupportedAPIs.xml”."
"Message",Normal,"          Element P/Invoke „GetCPInfoExW” rozpoznano jako „GetCPInfoExW!kernel32.dll” z „SupportedAPIs.xml”."
"Message",Normal,"          Element P/Invoke „CryptDestroyKey” rozpoznano jako „CryptDestroyKey!advapi32.dll” z „SupportedAPIs.xml”."
"Message",Normal,"          Element P/Invoke „CryptDestroyHash” rozpoznano jako „CryptDestroyHash!advapi32.dll” z „SupportedAPIs.xml”."
"Message",Normal,"          Element P/Invoke „GetTokenInformation” rozpoznano jako „GetTokenInformation!advapi32.dll” z „SupportedAPIs.xml”."
"Message",Normal,"          Element P/Invoke „LocalAlloc” rozpoznano jako „LocalAlloc!kernel32.dll” z „SupportedAPIs.xml”."
"Message",Normal,"          Element P/Invoke „CertCloseStore” rozpoznano jako „CertCloseStore!crypt32.dll” z „SupportedAPIs.xml”."
"Message",Normal,"          Element P/Invoke „CertGetCertificateContextProperty” rozpoznano jako „CertGetCertificateContextProperty!crypt32.dll” z „SupportedAPIs.xml”."
"Message",Normal,"          Element P/Invoke „CertGetNameStringW” rozpoznano jako „CertGetNameStringW!crypt32.dll” z „SupportedAPIs.xml”."
"Message",Normal,"          Element P/Invoke „LookupPrivilegeValueW” rozpoznano jako „LookupPrivilegeValueW!advapi32.dll” z „SupportedAPIs.xml”."
"Message",Normal,"          Element P/Invoke „GetCurrentProcess” rozpoznano jako „GetCurrentProcess!kernel32.dll” z „SupportedAPIs.xml”."
"Message",Normal,"          Element P/Invoke „OpenProcessToken” rozpoznano jako „OpenProcessToken!advapi32.dll” z „SupportedAPIs.xml”."
"Message",Normal,"          Element P/Invoke „AdjustTokenPrivileges” rozpoznano jako „AdjustTokenPrivileges!advapi32.dll” z „SupportedAPIs.xml”."
"Message",Normal,"          Element P/Invoke „WSAGetOverlappedResult” rozpoznano jako „WSAGetOverlappedResult!ws2_32.dll” z „SupportedAPIs.xml”."
"Message",Normal,"          Element P/Invoke „CertDuplicateCertificateContext” rozpoznano jako „CertDuplicateCertificateContext!crypt32.dll” z „SupportedAPIs.xml”."
"Message",Normal,"          Element P/Invoke „getsockopt” rozpoznano jako „getsockopt!ws2_32.dll” z „SupportedAPIs.xml”."
"Message",Normal,"          Element P/Invoke „getsockopt” rozpoznano jako „getsockopt!ws2_32.dll” z „SupportedAPIs.xml”."
"Message",Normal,"          Element P/Invoke „getsockopt” rozpoznano jako „getsockopt!ws2_32.dll” z „SupportedAPIs.xml”."
"Message",Normal,"          Element P/Invoke „BCryptCreateHash” rozpoznano jako „BCryptCreateHash!BCrypt.dll” z „SupportedAPIs.xml”."
"Message",Normal,"          Element P/Invoke „BCryptGetProperty” rozpoznano jako „BCryptGetProperty!BCrypt.dll” z „SupportedAPIs.xml”."
"Message",Normal,"          Element P/Invoke „CryptMsgGetParam” rozpoznano jako „CryptMsgGetParam!crypt32.dll” z „SupportedAPIs.xml”."
"Message",Normal,"          Element P/Invoke „CryptMsgGetParam” rozpoznano jako „CryptMsgGetParam!crypt32.dll” z „SupportedAPIs.xml”."
"Message",Normal,"          Element P/Invoke „PFXImportCertStore” rozpoznano jako „PFXImportCertStore!crypt32.dll” z „SupportedAPIs.xml”."
"Message",Normal,"          Element P/Invoke „WSASocketW” rozpoznano jako „WSASocketW!ws2_32.dll” z „SupportedAPIs.xml”."
"Message",Normal,"          Element P/Invoke „SetThreadErrorMode” rozpoznano jako „SetThreadErrorMode!kernel32.dll” z „SupportedAPIs.xml”."
"Message",Normal,"          Element P/Invoke „GetFileAttributesExW” rozpoznano jako „GetFileAttributesExW!kernel32.dll” z „SupportedAPIs.xml”."
"Message",Normal,"          Element P/Invoke „FindFirstFileExW” rozpoznano jako „FindFirstFileExW!kernel32.dll” z „SupportedAPIs.xml”."
"Message",Normal,"          Element P/Invoke „GetCurrentThread” rozpoznano jako „GetCurrentThread!kernel32.dll” z „SupportedAPIs.xml”."
"Message",Normal,"          Element P/Invoke „OpenThreadToken” rozpoznano jako „OpenThreadToken!advapi32.dll” z „SupportedAPIs.xml”."
"Message",Normal,"          Element P/Invoke „GetCurrentProcess” rozpoznano jako „GetCurrentProcess!kernel32.dll” z „SupportedAPIs.xml”."
"Message",Normal,"          Element P/Invoke „OpenProcessToken” rozpoznano jako „OpenProcessToken!advapi32.dll” z „SupportedAPIs.xml”."
"Message",Normal,"          Element P/Invoke „WSARecv” rozpoznano jako „WSARecv!ws2_32.dll” z „SupportedAPIs.xml”."
"Message",Normal,"          Element P/Invoke „WSASend” rozpoznano jako „WSASend!ws2_32.dll” z „SupportedAPIs.xml”."
"Message",Normal,"          Element P/Invoke „FormatMessageW” rozpoznano jako „FormatMessageW!kernel32.dll” z „SupportedAPIs.xml”."
"Message",Normal,"          Element P/Invoke „CryptSetProvParam” rozpoznano jako „CryptSetProvParam!advapi32.dll” z „SupportedAPIs.xml”."
"Message",Normal,"          Element P/Invoke „CryptGetUserKey” rozpoznano jako „CryptGetUserKey!advapi32.dll” z „SupportedAPIs.xml”."
"Message",Normal,"          Element P/Invoke „CryptGenKey” rozpoznano jako „CryptGenKey!advapi32.dll” z „SupportedAPIs.xml”."
"Message",Normal,"          Element P/Invoke „CryptImportKey” rozpoznano jako „CryptImportKey!advapi32.dll” z „SupportedAPIs.xml”."
"Message",Normal,"          Element P/Invoke „GetProcessId” rozpoznano jako „GetProcessId!kernel32.dll” z „SupportedAPIs.xml”."
"Message",Normal,"          Element P/Invoke „GetExitCodeProcess” rozpoznano jako „GetExitCodeProcess!kernel32.dll” z „SupportedAPIs.xml”."
"Message",Normal,"          Element P/Invoke „CertEnumCertificatesInStore” rozpoznano jako „CertEnumCertificatesInStore!crypt32.dll” z „SupportedAPIs.xml”."
"Message",Normal,"          Element P/Invoke „CertGetNameStringW” rozpoznano jako „CertGetNameStringW!crypt32.dll” z „SupportedAPIs.xml”."
"Message",Normal,"          Element P/Invoke „CertAddCertificateLinkToStore” rozpoznano jako „CertAddCertificateLinkToStore!crypt32.dll” z „SupportedAPIs.xml”."
"Message",Normal,"          Element P/Invoke „CertFindExtension” rozpoznano jako „CertFindExtension!crypt32.dll” z „SupportedAPIs.xml”."
"Message",Normal,"          Element P/Invoke „CertGetValidUsages” rozpoznano jako „CertGetValidUsages!crypt32.dll” z „SupportedAPIs.xml”."
"Message",Normal,"          Element P/Invoke „CertGetIntendedKeyUsage” rozpoznano jako „CertGetIntendedKeyUsage!crypt32.dll” z „SupportedAPIs.xml”."
"Message",Normal,"          Element P/Invoke „CloseHandle” rozpoznano jako „CloseHandle!kernel32.dll” z „SupportedAPIs.xml”."
"Message",Normal,"          Element P/Invoke „CertFreeCertificateContext” rozpoznano jako „CertFreeCertificateContext!crypt32.dll” z „SupportedAPIs.xml”."
"Message",Normal,"          Element P/Invoke „CryptMsgClose” rozpoznano jako „CryptMsgClose!crypt32.dll” z „SupportedAPIs.xml”."
"Message",Normal,"          Element P/Invoke „LocalFree” rozpoznano jako „LocalFree!kernel32.dll” z „SupportedAPIs.xml”."
"Message",Normal,"          Element P/Invoke „CloseHandle” rozpoznano jako „CloseHandle!kernel32.dll” z „SupportedAPIs.xml”."
"Message",Normal,"          Element P/Invoke „CryptFindOIDInfo” rozpoznano jako „CryptFindOIDInfo!crypt32.dll” z „SupportedAPIs.xml”."
"Message",Normal,"          Element P/Invoke „BCryptOpenAlgorithmProvider” rozpoznano jako „BCryptOpenAlgorithmProvider!BCrypt.dll” z „SupportedAPIs.xml”."
"Message",Normal,"          Element P/Invoke „CertFindCertificateInStore” rozpoznano jako „CertFindCertificateInStore!crypt32.dll” z „SupportedAPIs.xml”."
"Message",Normal,"          Element P/Invoke „CryptAcquireContextW” rozpoznano jako „CryptAcquireContextW!advapi32.dll” z „SupportedAPIs.xml”."
"Message",Normal,"          Element P/Invoke „GetAddrInfoExW” rozpoznano jako „GetAddrInfoExW!ws2_32.dll” z „SupportedAPIs.xml”."
"Message",Normal,"          Element P/Invoke „GetCurrentProcessId” rozpoznano jako „GetCurrentProcessId!kernel32.dll” z „SupportedAPIs.xml”."
"Message",Normal,"          Element P/Invoke „FormatMessageW” rozpoznano jako „FormatMessageW!kernel32.dll” z „SupportedAPIs.xml”."
"Message",Normal,"          Element P/Invoke „setsockopt” rozpoznano jako „setsockopt!ws2_32.dll” z „SupportedAPIs.xml”."
"Message",Normal,"          Element P/Invoke „setsockopt” rozpoznano jako „setsockopt!ws2_32.dll” z „SupportedAPIs.xml”."
"Message",Normal,"          Element P/Invoke „SetFileInformationByHandle” rozpoznano jako „SetFileInformationByHandle!kernel32.dll” z „SupportedAPIs.xml”."
"Message",Normal,"          Element P/Invoke „CryptGetDefaultProviderW” rozpoznano jako „CryptGetDefaultProviderW!advapi32.dll” z „SupportedAPIs.xml”."
"Message",Normal,"          Element P/Invoke „CryptAcquireContextW” rozpoznano jako „CryptAcquireContextW!advapi32.dll” z „SupportedAPIs.xml”."
"Message",Normal,"          Element P/Invoke „DuplicateHandle” rozpoznano jako „DuplicateHandle!kernel32.dll” z „SupportedAPIs.xml”."
"Message",Normal,"          Element P/Invoke „CoCreateInstance” rozpoznano jako „CoCreateInstance!api-ms-win-core-com-l1-1-0.dll” z „SupportedAPIs.xml”."
"Message",Normal,"          Element P/Invoke „CertVerifyTimeValidity” rozpoznano jako „CertVerifyTimeValidity!crypt32.dll” z „SupportedAPIs.xml”."
"Message",Normal,"          Element P/Invoke „CryptReleaseContext” rozpoznano jako „CryptReleaseContext!advapi32.dll” z „SupportedAPIs.xml”."
"Message",Normal,"          Element P/Invoke „CryptFindOIDInfo” rozpoznano jako „CryptFindOIDInfo!crypt32.dll” z „SupportedAPIs.xml”."
"Message",Normal,"          Element P/Invoke „BCryptHashData” rozpoznano jako „BCryptHashData!BCrypt.dll” z „SupportedAPIs.xml”."
"Message",Normal,"          Element P/Invoke „BCryptCloseAlgorithmProvider” rozpoznano jako „BCryptCloseAlgorithmProvider!BCrypt.dll” z „SupportedAPIs.xml”."
"Message",Normal,"          Element P/Invoke „BCryptDestroyHash” rozpoznano jako „BCryptDestroyHash!BCrypt.dll” z „SupportedAPIs.xml”."
"Message",Normal,"          Element P/Invoke „FindClose” rozpoznano jako „FindClose!kernel32.dll” z „SupportedAPIs.xml”."
"Message",Normal,"          Element P/Invoke „LsaGetLogonSessionData” rozpoznano jako „LsaGetLogonSessionData!sspicli.dll” z „SupportedAPIs.xml”."
"Message",Normal,"          Element P/Invoke „CloseHandle” rozpoznano jako „CloseHandle!kernel32.dll” z „SupportedAPIs.xml”."
"Message",Normal,"          Element P/Invoke „FreeAddrInfoExW” rozpoznano jako „FreeAddrInfoExW!ws2_32.dll” z „SupportedAPIs.xml”."
"Message",Normal,"          Element P/Invoke „gethostname” rozpoznano jako „gethostname!ws2_32.dll” z „SupportedAPIs.xml”."
"Message",Normal,"          Element P/Invoke „FormatMessageW” rozpoznano jako „FormatMessageW!kernel32.dll” z „SupportedAPIs.xml”."
"Message",Normal,"          Element P/Invoke „WSASocketW” rozpoznano jako „WSASocketW!ws2_32.dll” z „SupportedAPIs.xml”."
"Message",Normal,"          Element P/Invoke „closesocket” rozpoznano jako „closesocket!ws2_32.dll” z „SupportedAPIs.xml”."
"Message",Normal,"          Element P/Invoke „WSAIoctl” rozpoznano jako „WSAIoctl!ws2_32.dll” z „SupportedAPIs.xml”."
"Message",Normal,"          Element P/Invoke „GetComputerNameW” rozpoznano jako „GetComputerNameW!kernel32.dll” z „SupportedAPIs.xml”."
"Message",Normal,"          Element P/Invoke „OpenProcess” rozpoznano jako „OpenProcess!kernel32.dll” z „SupportedAPIs.xml”."
"Message",Normal,"          Element P/Invoke „CryptDecodeObject” rozpoznano jako „CryptDecodeObject!crypt32.dll” z „SupportedAPIs.xml”."
"Message",Normal,"          Element P/Invoke „CertGetCertificateChain” rozpoznano jako „CertGetCertificateChain!crypt32.dll” z „SupportedAPIs.xml”."
"Message",Normal,"          Element P/Invoke „ioctlsocket” rozpoznano jako „ioctlsocket!ws2_32.dll” z „SupportedAPIs.xml”."
"Message",Normal,"          Element P/Invoke „setsockopt” rozpoznano jako „setsockopt!ws2_32.dll” z „SupportedAPIs.xml”."
"Message",Normal,"          Element P/Invoke „BCryptFinishHash” rozpoznano jako „BCryptFinishHash!BCrypt.dll” z „SupportedAPIs.xml”."
"Message",Normal,"          Element P/Invoke „LsaNtStatusToWinError” rozpoznano jako „LsaNtStatusToWinError!advapi32.dll” z „SupportedAPIs.xml”."
"Message",Normal,"          Element P/Invoke „DuplicateTokenEx” rozpoznano jako „DuplicateTokenEx!advapi32.dll” z „SupportedAPIs.xml”."
"Message",Normal,"          Element P/Invoke „CheckTokenMembershipEx” rozpoznano jako „CheckTokenMembershipEx!kernel32.dll” z „SupportedAPIs.xml”."
"Message",Normal,"          Element P/Invoke „SysFreeString” rozpoznano jako „SysFreeString!OleAut32” z „SupportedAPIs.xml”."
"Message",Normal,"          Element P/Invoke „LsaFreeReturnBuffer” rozpoznano jako „LsaFreeReturnBuffer!sspicli.dll” z „SupportedAPIs.xml”."
"Message",Normal,"          Element P/Invoke „CertNameToStrW” rozpoznano jako „CertNameToStrW!crypt32.dll” z „SupportedAPIs.xml”."
"Message",Normal,"          Element P/Invoke „CryptFormatObject” rozpoznano jako „CryptFormatObject!crypt32.dll” z „SupportedAPIs.xml”."
"Message",Normal,"          Element P/Invoke „NCryptOpenKey” rozpoznano jako „NCryptOpenKey!ncrypt.dll” z „SupportedAPIs.xml”."
"Message",Normal,"          Element P/Invoke „SetFileCompletionNotificationModes” rozpoznano jako „SetFileCompletionNotificationModes!kernel32.dll” z „SupportedAPIs.xml”."
"Message",Normal,"          Element P/Invoke „FormatMessageW” rozpoznano jako „FormatMessageW!kernel32.dll” z „SupportedAPIs.xml”."
"Message",Normal,"          Element P/Invoke „CreateFile2” rozpoznano jako „CreateFile2!kernel32.dll” z „SupportedAPIs.xml”."
"Message",Normal,"          Element P/Invoke „CryptFormatObject” rozpoznano jako „CryptFormatObject!crypt32.dll” z „SupportedAPIs.xml”."
"Message",Normal,"          Element P/Invoke „deflate” rozpoznano jako „deflate!clrcompression.dll” z „clrcompression.dll”."
"Message",Normal,"          Element P/Invoke „CertVerifyCertificateChainPolicy” rozpoznano jako „CertVerifyCertificateChainPolicy!crypt32.dll” z „SupportedAPIs.xml”."
"Message",Normal,"          Element P/Invoke „NCryptDeleteKey” rozpoznano jako „NCryptDeleteKey!ncrypt.dll” z „SupportedAPIs.xml”."
"Message",Normal,"          Element P/Invoke „GetFileInformationByHandleEx” rozpoznano jako „GetFileInformationByHandleEx!kernel32.dll” z „SupportedAPIs.xml”."
"Message",Normal,"          Element P/Invoke „WSASocketW” rozpoznano jako „WSASocketW!ws2_32.dll” z „SupportedAPIs.xml”."
"Message",Normal,"          Element P/Invoke „closesocket” rozpoznano jako „closesocket!ws2_32.dll” z „SupportedAPIs.xml”."
"Message",Normal,"          Element P/Invoke „NCryptOpenStorageProvider” rozpoznano jako „NCryptOpenStorageProvider!ncrypt.dll” z „SupportedAPIs.xml”."
"Message",Normal,"          Element P/Invoke „GetNameInfoW” rozpoznano jako „GetNameInfoW!ws2_32.dll” z „SupportedAPIs.xml”."
"Message",Normal,"          Element P/Invoke „inflateInit2_” rozpoznano jako „inflateInit2_!clrcompression.dll” z „clrcompression.dll”."
"Message",Normal,"          Element P/Invoke „deflateInit2_” rozpoznano jako „deflateInit2_!clrcompression.dll” z „clrcompression.dll”."
"Message",Normal,"          Element P/Invoke „CryptGetProvParam” rozpoznano jako „CryptGetProvParam!advapi32.dll” z „SupportedAPIs.xml”."
"Message",Normal,"          Element P/Invoke „inflate” rozpoznano jako „inflate!clrcompression.dll” z „clrcompression.dll”."
"Message",Normal,"          Element P/Invoke „CryptImportPublicKeyInfoEx2” rozpoznano jako „CryptImportPublicKeyInfoEx2!crypt32.dll” z „SupportedAPIs.xml”."
"Message",Normal,"          Element P/Invoke „BCryptExportKey” rozpoznano jako „BCryptExportKey!BCrypt.dll” z „SupportedAPIs.xml”."
"Message",Normal,"          Element P/Invoke „CryptDecodeObject” rozpoznano jako „CryptDecodeObject!crypt32.dll” z „SupportedAPIs.xml”."
"Message",Normal,"          Element P/Invoke „deflateEnd” rozpoznano jako „deflateEnd!clrcompression.dll” z „clrcompression.dll”."
"Message",Normal,"          Element P/Invoke „inflateEnd” rozpoznano jako „inflateEnd!clrcompression.dll” z „clrcompression.dll”."
"Message",Normal,"          Element P/Invoke „CertVerifyCertificateChainPolicy” rozpoznano jako „CertVerifyCertificateChainPolicy!crypt32.dll” z „SupportedAPIs.xml”."
"Message",Normal,"          Element P/Invoke „CertFreeCertificateChain” rozpoznano jako „CertFreeCertificateChain!crypt32.dll” z „SupportedAPIs.xml”."
"Message",Normal,"          Element P/Invoke „FormatMessageW” rozpoznano jako „FormatMessageW!kernel32.dll” z „SupportedAPIs.xml”."
"Message",Normal,"          Element P/Invoke „GetAddrInfoW” rozpoznano jako „GetAddrInfoW!ws2_32.dll” z „SupportedAPIs.xml”."
"Message",Normal,"          Element P/Invoke „BCryptGetProperty” rozpoznano jako „BCryptGetProperty!BCrypt.dll” z „SupportedAPIs.xml”."
"Message",Normal,"          Element P/Invoke „NCryptImportKey” rozpoznano jako „NCryptImportKey!ncrypt.dll” z „SupportedAPIs.xml”."
"Message",Normal,"          Element P/Invoke „NCryptGetProperty” rozpoznano jako „NCryptGetProperty!ncrypt.dll” z „SupportedAPIs.xml”."
"Message",Normal,"          Element P/Invoke „CertEnumCertificatesInStore” rozpoznano jako „CertEnumCertificatesInStore!crypt32.dll” z „SupportedAPIs.xml”."
"Message",Normal,"          Element P/Invoke „BCryptGenRandom” rozpoznano jako „BCryptGenRandom!BCrypt.dll” z „SupportedAPIs.xml”."
"Message",Normal,"          Element P/Invoke „BCryptDestroyKey” rozpoznano jako „BCryptDestroyKey!BCrypt.dll” z „SupportedAPIs.xml”."
"Message",Normal,"          Element P/Invoke „CertFreeCertificateContext” rozpoznano jako „CertFreeCertificateContext!crypt32.dll” z „SupportedAPIs.xml”."
"Message",Normal,"          Element P/Invoke „GetTokenInformation” rozpoznano jako „GetTokenInformation!advapi32.dll” z „SupportedAPIs.xml”."
"Message",Normal,"          Element P/Invoke „DuplicateHandle” rozpoznano jako „DuplicateHandle!kernel32.dll” z „SupportedAPIs.xml”."
"Message",Normal,"          Element P/Invoke „NCryptSetProperty” rozpoznano jako „NCryptSetProperty!ncrypt.dll” z „SupportedAPIs.xml”."
"Message",Normal,"          Element P/Invoke „NCryptFreeObject” rozpoznano jako „NCryptFreeObject!ncrypt.dll” z „SupportedAPIs.xml”."
"Message",Normal,"          Element P/Invoke „freeaddrinfo” rozpoznano jako „freeaddrinfo!ws2_32.dll” z „SupportedAPIs.xml”."
"Message",Normal,"          Element P/Invoke „K32EnumProcesses” rozpoznano jako „K32EnumProcesses!kernel32.dll” z „SupportedAPIs.xml”."
"Message",Normal,"          Element P/Invoke „LsaLookupSids” rozpoznano jako „LsaLookupSids!advapi32.dll” z „SupportedAPIs.xml”."
"Message",Normal,"          Element P/Invoke „EncryptMessage” rozpoznano jako „EncryptMessage!sspicli.dll” z „SupportedAPIs.xml”."
"Message",Normal,"          Element P/Invoke „DecryptMessage” rozpoznano jako „DecryptMessage!sspicli.dll” z „SupportedAPIs.xml”."
"Message",Normal,"          Element P/Invoke „LsaLookupNames2” rozpoznano jako „LsaLookupNames2!advapi32.dll” z „SupportedAPIs.xml”."
"Message",Normal,"          Element P/Invoke „CryptFindOIDInfo” rozpoznano jako „CryptFindOIDInfo!crypt32.dll” z „SupportedAPIs.xml”."
"Message",Normal,"          Element P/Invoke „FormatMessageW” rozpoznano jako „FormatMessageW!kernel32.dll” z „SupportedAPIs.xml”."
"Message",Normal,"          Element P/Invoke „LsaOpenPolicy” rozpoznano jako „LsaOpenPolicy!advapi32.dll” z „SupportedAPIs.xml”."
"Message",Normal,"          Element P/Invoke „LsaClose” rozpoznano jako „LsaClose!advapi32.dll” z „SupportedAPIs.xml”."
"Message",Normal,"          Element P/Invoke „LsaFreeMemory” rozpoznano jako „LsaFreeMemory!advapi32.dll” z „SupportedAPIs.xml”."
"Message",Normal,"          Element P/Invoke „EnumerateSecurityPackagesW” rozpoznano jako „EnumerateSecurityPackagesW!sspicli.dll” z „SupportedAPIs.xml”."
"Message",Normal,"          Element P/Invoke „QueryContextAttributesW” rozpoznano jako „QueryContextAttributesW!sspicli.dll” z „SupportedAPIs.xml”."
"Message",Normal,"          Element P/Invoke „ApplyControlToken” rozpoznano jako „ApplyControlToken!sspicli.dll” z „SupportedAPIs.xml”."
"Message",Normal,"          Element P/Invoke „AcquireCredentialsHandleW” rozpoznano jako „AcquireCredentialsHandleW!sspicli.dll” z „SupportedAPIs.xml”."
"Message",Normal,"          Element P/Invoke „FreeContextBuffer” rozpoznano jako „FreeContextBuffer!sspicli.dll” z „SupportedAPIs.xml”."
"Message",Normal,"          Element P/Invoke „AcceptSecurityContext” rozpoznano jako „AcceptSecurityContext!sspicli.dll” z „SupportedAPIs.xml”."
"Message",Normal,"          Element P/Invoke „DeleteSecurityContext” rozpoznano jako „DeleteSecurityContext!sspicli.dll” z „SupportedAPIs.xml”."
"Message",Normal,"          Element P/Invoke „InitializeSecurityContextW” rozpoznano jako „InitializeSecurityContextW!sspicli.dll” z „SupportedAPIs.xml”."
"Message",Normal,"          Element P/Invoke „FreeCredentialsHandle” rozpoznano jako „FreeCredentialsHandle!sspicli.dll” z „SupportedAPIs.xml”."
"Message",Normal,"          Element P/Invoke „RoGetBufferMarshaler” rozpoznano jako „RoGetBufferMarshaler!api-ms-win-core-winrt-robuffer-l1-1-0.dll” z „SupportedAPIs.xml”."
"Message",Normal,"          Element P/Invoke „accept” rozpoznano jako „accept!ws2_32.dll” z „SupportedAPIs.xml”."
"Message",Normal,"          Element P/Invoke „GetNetworkParams” rozpoznano jako „GetNetworkParams!iphlpapi.dll” z „SupportedAPIs.xml”."
"Message",Normal,"          Element P/Invoke „LocalAlloc” rozpoznano jako „LocalAlloc!kernel32.dll” z „SupportedAPIs.xml”."
"Message",Normal,"          Element P/Invoke „LocalFree” rozpoznano jako „LocalFree!kernel32.dll” z „SupportedAPIs.xml”."
"Message",High,"  Trwa generowanie kodu..."
"Message",High,"  Wygenerowano kod międzyoperacyjny."
"Message",Normal,"  Zapisano kod w lokalizacji AssemblyInfo.g.cs"
"Message",Normal,"  Zapisano kod w lokalizacji Adapters.g.cs"
"Message",Normal,"  Zapisano kod w lokalizacji Data.g.cs"
"Message",Normal,"  Zapisano kod w lokalizacji Helpers.g.cs"
"Message",Normal,"  Zapisano kod w lokalizacji ImplTypes.g.cs"
"Message",Normal,"  Zapisano kod w lokalizacji PInvoke.g.cs"
"Message",Normal,"  Zapisano kod w lokalizacji SafeTypes.g.cs"
"Message",Normal,"  Zapisano kod w lokalizacji SharedStubs.g.cs"
"Message",Normal,"Uruchamianie przekształcenia „GenerateCodeAndCompile”, wielkość sterty 440 MB."
"Message",High,"Generowanie kodu serializacji"
"Message",High,"Kompilowanie kodu międzyoperacyjnego"
"Message",Normal,"Kompilacja wygenerowała kod źródłowy: C:\Program Files (x86)\Microsoft SDKs\UWPNuGetPackages\microsoft.net.native.compiler\2.2.7-rel-27913-00\tools\csc\csc.exe /noconfig @""D:\Documents\Hackathon\FoodChecker\obj\x86\Release\ilc\intermediate\FoodChecker.McgInterop.rsp"""
"Message",High,"Generowanie kodu serwera proxy System.Reflection.DispatchProxy."
"Message",Normal,"Uruchamianie przekształcenia „ReducedCopyInitialize”, wielkość sterty 441 MB."
"Message",Normal,"Uruchamianie przekształcenia „ReducedCopyEmptyTypes”, wielkość sterty 462 MB."
"Message",Normal,"Uruchamianie przekształcenia „ReducedCopyPopulateTypes”, wielkość sterty 470 MB."
"Message",Normal,"Uruchamianie przekształcenia „ReducedCopyLateMetadata”, wielkość sterty 432 MB."
"Message",Normal,"Uruchamianie przekształcenia „ReducedCopyPassResourcesToMutableAssembly”, wielkość sterty 464 MB."
"Message",Normal,"Uruchamianie przekształcenia „ReducedCopyMethodBodies”, wielkość sterty 468 MB."
"Message",Normal,"Uruchamianie przekształcenia „ReducedCopyComplete”, wielkość sterty 438 MB."
"Message",Normal,"Uruchamianie przekształcenia „ReducedCopyCleanup”, wielkość sterty 503 MB."
"Message",Normal,"Uruchamianie przekształcenia „DeveloperExperienceModeOnlyCodeRemover”, wielkość sterty 503 MB."
"Message",Normal,"Uruchamianie przekształcenia „ComImportDetector”, wielkość sterty 503 MB."
"Message",Normal,"Uruchamianie przekształcenia „McgAccessor”, wielkość sterty 503 MB."
"Message",Normal,"Uruchamianie przekształcenia „McgRedirect”, wielkość sterty 506 MB."
"Message",Normal,"Uruchamianie przekształcenia „McgRedirect”, wielkość sterty 474 MB."
"Message",Normal,"Uruchamianie przekształcenia „McgTypeOf”, wielkość sterty 475 MB."
"Message",Normal,"Uruchamianie przekształcenia „EventSource”, wielkość sterty 487 MB."
"Message",Normal,"Uruchamianie przekształcenia „ValueType”, wielkość sterty 488 MB."
"Message",Normal,"Uruchamianie przekształcenia „Attribute”, wielkość sterty 488 MB."
"Message",Normal,"Uruchamianie przekształcenia „GetType”, wielkość sterty 489 MB."
"Message",Normal,"Uruchamianie przekształcenia „McgFixups”, wielkość sterty 491 MB."
"Message",Normal,"Uruchamianie przekształcenia „ResourceManagerCtor”, wielkość sterty 492 MB."
"Message",Normal,"Uruchamianie przekształcenia „TypeofTypeHandle”, wielkość sterty 492 MB."
"Message",Normal,"Uruchamianie przekształcenia „DispatchProxyIntrinsics”, wielkość sterty 499 MB."
"Message",Normal,"Uruchamianie przekształcenia „StaticInitData”, wielkość sterty 499 MB."
"Message",Normal,"Uruchamianie przekształcenia „Delegate”, wielkość sterty 518 MB."
"Message",Normal,"Uruchamianie przekształcenia „LazyGenerics”, wielkość sterty 521 MB."
"Message",Normal,"Uruchamianie przekształcenia „AddReflectionBlockedAttributes”, wielkość sterty 495 MB."
"Message",Normal,"Uruchamianie przekształcenia „DisableOptimization”, wielkość sterty 495 MB."
"Message",Normal,"Uruchamianie przekształcenia „ResourceExtractor”, wielkość sterty 495 MB."
"Message",Normal,"Uruchamianie przekształcenia „CreateMetadata”, wielkość sterty 496 MB."
"Message",Normal,"Uruchamianie przekształcenia „StartupCodeInjector”, wielkość sterty 620 MB."
"Message",Normal,"Uruchamianie przekształcenia „SaveRVAStatics”, wielkość sterty 620 MB."
"Message",Normal,"Uruchamianie przekształcenia „ReflectionInvoke”, wielkość sterty 623 MB."
"Message",Normal,"Uruchamianie przekształcenia „ScrubOpenCalls”, wielkość sterty 632 MB."
"Message",Normal,"Uruchamianie przekształcenia „ConvertCatchIntoFilter”, wielkość sterty 632 MB."
"Message",Normal,"Uruchamianie przekształcenia „ReflectionMappingInfoEmit”, wielkość sterty 632 MB."
"Message",Normal,"Uruchamianie przekształcenia „ReflectionIntrinsics”, wielkość sterty 543 MB."
"Message",Normal,"Uruchamianie przekształcenia „ConvertManagedWinMD”, wielkość sterty 543 MB."
"Message",Normal,"Uruchamianie przekształcenia „DebuggerGuidedStepThroughJmc”, wielkość sterty 543 MB."
"Message",Normal,"Uruchamianie przekształcenia „Reducer”, wielkość sterty 549 MB."
"Message",High,"Czyszczenie kodu bez odwołań"
"Message",Normal,"Uruchamianie przekształcenia „WriteAssemblies”, wielkość sterty 265 MB."
"Message",Normal,""
"Message",Normal,"Podsumowanie przekształcenia"
"Message",Normal,"    ms | przyrost sterty | nazwa"
"Message",Normal," 45829 |        389 | Analysis"
"Message",Normal,"  9357 |         28 | WriteAssemblies"
"Message",Normal,"  5054 |       -284 | Reducer"
"Message",Normal,"  4860 |         20 | Mcg"
"Message",Normal,"  3709 |          1 | GenerateCodeAndCompile"
"Message",Normal,"  2336 |        124 | CreateMetadata"
"Message",Normal,"  1805 |        -30 | ReducedCopyMethodBodies"
"Message",Normal,"  1165 |         65 | ReducedCopyComplete"
"Message",Normal,"  1060 |          1 | ResourceExtractor"
"Message",Normal,"   813 |        -38 | ReducedCopyPopulateTypes"
"Message",Normal,"   803 |        -32 | McgRedirect"
"Message",Normal,"   761 |        -26 | LazyGenerics"
"Message",Normal,"   405 |         21 | ReducedCopyInitialize"
"Message",Normal,"   392 |         12 | McgTypeOf"
"Message",Normal,"   342 |         32 | ReducedCopyLateMetadata"
"Message",Normal,"   283 |        -89 | ReflectionMappingInfoEmit"
"Message",Normal,"   225 |          1 | McgRedirect"
"Message",Normal,"   197 |         19 | StaticInitData"
"Message",Normal,"   195 |          7 | TypeofTypeHandle"
"Message",Normal,"   162 |         14 | DumpNativeResources"
"Message",Normal,"   154 |          3 | SaveRVAStatics"
"Message",Normal,"   115 |          2 | GetType"
"Message",Normal,"    74 |          8 | ReducedCopyEmptyTypes"
"Message",Normal,"    64 |          9 | ReflectionInvoke"
"Message",Normal,"    61 |          0 | ScrubOpenCalls"
"Message",Normal,"    54 |          6 | DebuggerGuidedStepThroughJmc"
"Message",Normal,"    45 |          0 | ReflectionIntrinsics"
"Message",Normal,"    44 |          0 | DispatchProxyIntrinsics"
"Message",Normal,"    25 |          3 | McgAccessor"
"Message",Normal,"    25 |          0 | ConvertCatchIntoFilter"
"Message",Normal,"    20 |          1 | McgFixups"
"Message",Normal,"    18 |          1 | EventSource"
"Message",Normal,"    15 |          1 | Attribute"
"Message",Normal,"    14 |          3 | Delegate"
"Message",Normal,"    13 |          4 | ReducedCopyPassResourcesToMutableAssembly"
"Message",Normal,"     7 |          0 | AddReflectionBlockedAttributes"
"Message",Normal,"     6 |          0 | ReducedCopyCleanup"
"Message",Normal,"     5 |          0 | ValueType"
"Message",Normal,"     1 |          0 | StartupCodeInjector"
"Message",Normal,"     1 |          0 | DeveloperExperienceModeOnlyCodeRemover"
"Message",Normal,"     1 |          0 | ResourceManagerCtor"
"Message",Normal,"     0 |          0 | DisableOptimization"
"Message",Normal,"     0 |          0 | ComImportDetector"
"Message",Normal,"     0 |          0 | ConvertManagedWinMD"
"Message",Low,"Zakończono wykonywanie zadania „RunILTransforms”."
"Message",Low,"Zakończono kompilowanie celu „RunILTransforms” w pliku „ILTransforms”."
"Message",Low,"Zakończono kompilowanie projektu „ILTransforms”."
"Message",Low,""
"Message",Low,""
"Message",Low,"Zakończono kompilowanie celu „GenerateMDIL” w pliku „Nutc”."
"Message",Low,""
"Message",High,"Generowanie kodu natywnego"
"Message",Low,"Zakończono kompilowanie celu „MDILPrepareMultiFile” w pliku „Nutc”."
"Message",Low,""
"Message",Low,"Zakończono kompilowanie celu „SetBinaryForReferences” w pliku „Nutc”."
"Message",Low,""
"Message",Low,"Zadanie „GenerateMDILGlobalAnalysis”"
"Message",Normal,"Uruchamianie elementu „C:\Program Files (x86)\Microsoft SDKs\UWPNuGetPackages\runtime.win10-x86.microsoft.net.native.compiler\2.2.7-rel-27913-00\tools\x86\ilc\Tools\nutc_driver.exe @""D:\Documents\Hackathon\FoodChecker\obj\x86\Release\ilc\intermediate\MDIL\FoodChecker.rsp""”"
"Message",Low,"Microsoft (R) MDIL Compiler - Version 2.2.27913.00"
"Message",Low,"Copyright (c) Microsoft Corporation.  All rights reserved."
"Message",Low,"Skanowanie typów wejściowych"
"Message",Low,"Skanowanie metod: 33459."
"Message",Low,"Skanowanie metod: 9044."
"Message",Low,"Skanowanie metod: 5651."
"Message",Low,"Skanowanie metod: 4010."
"Message",Low,"Skanowanie metod: 3615."
"Message",Low,"Skanowanie metod: 3255."
"Message",Low,"Skanowanie metod: 2985."
"Message",Low,"Skanowanie metod: 1797."
"Message",Low,"Skanowanie metod: 1574."
"Message",Low,"Skanowanie metod: 1308."
"Message",Low,"Skanowanie metod: 877."
"Message",Low,"Skanowanie metod: 704."
"Message",Low,"Skanowanie metod: 579."
"Message",Low,"Skanowanie metod: 396."
"Message",Low,"Skanowanie metod: 400."
"Message",Low,"Skanowanie metod: 297."
"Message",Low,"Skanowanie metod: 157."
"Message",Low,"Skanowanie metod: 135."
"Message",Low,"Skanowanie metod: 46."
"Message",Low,"Skanowanie metod: 45."
"Message",Low,"Skanowanie metod: 61."
"Message",Low,"Skanowanie metod: 41."
"Message",Low,"Skanowanie metod: 56."
"Message",Low,"Skanowanie metod: 41."
"Message",Low,"Skanowanie metod: 26."
"Message",Low,"Skanowanie metod: 8."
"Message",Low,"Skanowanie metod: 1."
"Message",Low,"Skanowanie metod: 7."
"Message",Low,"Skanowanie metod: 1."
"Message",Low,"Skanowanie metod: 5."
"Message",Low,"Wczesne generowanie kodu"
"Message",Low,"Kompilowanie metod: 70581."
"Message",Low,"Odłożone generowanie kodu"
"Message",Low,"Wywołanie metody zarządzanej Initialize powiodło się; kod zakończenia: 0podczas generowania listy CTL.Statystyka metadanych śledzenia stosu"
"Message",Low,"Liczba wyemitowanych metod:   28623"
"Message",Low,"Rozmiar obiektu blob metadanych:          596468"
"Message",Low,"Element RVA metody — rozmiar mapy tokenu: 228984"
"Message",Low,"Całkowity rozmiar natywny:           825452"
"Message",Low,"„D:\Documents\Hackathon\FoodChecker\obj\x86\Release\ilc\intermediate\MDIL\FoodChecker.mdilexe” — generowanie zakończone pomyślnie"
"Message",Low,"„D:\Documents\Hackathon\FoodChecker\obj\x86\Release\ilc\intermediate\MDIL\FoodChecker.mdilpdb” — generowanie zakończone pomyślnie"
"Message",Low,"Skompilowano do kodu MDIL."
"Message",Normal,"Element „C:\Program Files (x86)\Microsoft SDKs\UWPNuGetPackages\runtime.win10-x86.microsoft.net.native.compiler\2.2.7-rel-27913-00\tools\x86\ilc\Tools\nutc_driver.exe @""D:\Documents\Hackathon\FoodChecker\obj\x86\Release\ilc\intermediate\MDIL\FoodChecker.rsp""” został zakończony."
"Message",Normal,"Statystyki wykonania procesu (wszystkie czasy w milisekundach)"
"Message",Normal,"-----------------------------------------------------------------------------"
"Message",Normal,"uruchom.| start  |  stop  |koniec |czas trwania|okres istn.|nazwa [szczelina]"
"Message",Normal,"-----------------------------------------------------------------------------"
"Message",Normal,"       0 |       47 |    69078 |    69078 |    69031 |    69078 | [0] Nutc GlobalAnalysis"
"Message",Normal,"Liczba poleceń:   1"
"Message",Normal,"Łączny czas systemowy:     69078 ms"
"Message",Normal,"Czas systemowy na polecenie: 69078 ms"
"Message",Normal,"Łączny czas trwania:     69031 ms"
"Message",Normal,"Łączny okres istnienia:     69078 ms"
"Message",Normal,"Żądany stopień równoległości:      8"
"Message",Normal,"Stopień równoległości czasu trwania:      1,0"
"Message",Normal,"Stopień równoległości okresu istnienia:      1,0"
"Message",Low,"Zakończono wykonywanie zadania „GenerateMDILGlobalAnalysis”."
"Message",Low,"Zakończono kompilowanie celu „GenerateMDILGlobalAnalysis” w pliku „Nutc”."
"Message",Low,""
"Message",Low,"Zadanie „rc”"
"Message",Normal,"Uruchamianie elementu „D:\Windows Kits\10\bin\10.0.18362.0\x64\rc.exe /c ""65001"" /r /fo ""D:\Documents\Hackathon\FoodChecker\obj\x86\Release\ilc\intermediate\BuildInfo\BuildInfo.res"" ""D:\Documents\Hackathon\FoodChecker\obj\x86\Release\ilc\intermediate\BuildInfo\BuildInfo.rc""”"
"Message",Low,"Microsoft (R) Windows (R) Resource Compiler Version 10.0.10011.16384"
"Message",Low,"Copyright (C) Microsoft Corporation.  All rights reserved."
"Message",Normal,"Element „D:\Windows Kits\10\bin\10.0.18362.0\x64\rc.exe /c ""65001"" /r /fo ""D:\Documents\Hackathon\FoodChecker\obj\x86\Release\ilc\intermediate\BuildInfo\BuildInfo.res"" ""D:\Documents\Hackathon\FoodChecker\obj\x86\Release\ilc\intermediate\BuildInfo\BuildInfo.rc""” został zakończony."
"Message",Normal,"Statystyki wykonania procesu (wszystkie czasy w milisekundach)"
"Message",Normal,"-----------------------------------------------------------------------------"
"Message",Normal,"uruchom.| start  |  stop  |koniec |czas trwania|okres istn.|nazwa [szczelina]"
"Message",Normal,"-----------------------------------------------------------------------------"
"Message",Normal,"       0 |       31 |      109 |      109 |       78 |      109 | [0] rc"
"Message",Normal,"Liczba poleceń:   1"
"Message",Normal,"Łączny czas systemowy:     109 ms"
"Message",Normal,"Czas systemowy na polecenie: 109 ms"
"Message",Normal,"Łączny czas trwania:     78 ms"
"Message",Normal,"Łączny okres istnienia:     109 ms"
"Message",Normal,"Żądany stopień równoległości:      8"
"Message",Normal,"Stopień równoległości czasu trwania:      0,7"
"Message",Normal,"Stopień równoległości okresu istnienia:      1,0"
"Message",Low,"Zakończono wykonywanie zadania „rc”."
"Message",Low,"Zadanie „ResourceBinaryConcatenate”"
"Message",Normal,"Włączenie do elementu „D:\Documents\Hackathon\FoodChecker\obj\x86\Release\ilc\intermediate\Native.res” z wyrównaniem „4”."
"Message",Normal," Dodano element „D:\Documents\Hackathon\FoodChecker\obj\x86\Release\ilc\intermediate\ILTransformed\FoodChecker.res” z przesunięciem „0”."
"Message",Normal," Dodano element „D:\Documents\Hackathon\FoodChecker\obj\x86\Release\ilc\intermediate\BuildInfo\BuildInfo.res” z przesunięciem „1400”."
"Message",Low,"Zakończono wykonywanie zadania „ResourceBinaryConcatenate”."
"Message",Low,"Zakończono kompilowanie celu „GenerateBuildInfo” w pliku „Nutc”."
"Message",Low,"Zakończono kompilowanie projektu „Nutc”."
"Message",Low,""
"Message",Low,""
"Message",Low,"Zakończono kompilowanie celu „MDILBindPrepare” w pliku „Binder”."
"Message",Low,""
"Message",High,"Generowanie napraw dla kodu natywnego"
"Message",Low,"Zadanie „MDILBind”"
"Message",Normal,"Uruchamianie elementu „C:\Program Files (x86)\Microsoft SDKs\UWPNuGetPackages\runtime.win10-x86.microsoft.net.native.compiler\2.2.7-rel-27913-00\tools\x86\ilc\Tools\rhbind.exe @""D:\Documents\Hackathon\FoodChecker\obj\x86\Release\ilc\intermediate\rhbindargs.FoodChecker.rsp""”"
"Message",Low,"WERSJA SYSTEMU OPERACYJNEGO: główna: 6  pomocnicza: 2"
"Message",Low,"MDIL: D:\Documents\Hackathon\FoodChecker\obj\x86\Release\ilc\intermediate\MDIL\FoodChecker.mdilexe"
"Message",Low,"MDILPDB: D:\Documents\Hackathon\FoodChecker\obj\x86\Release\ilc\intermediate\MDIL\FoodChecker.mdilpdb"
"Message",Low,"IL: D:\Documents\Hackathon\FoodChecker\obj\x86\Release\ilc\intermediate\MDIL\FoodChecker.ilexe"
"Message",Low,"NI: D:\Documents\Hackathon\FoodChecker\obj\x86\Release\ilc\intermediate\Native\FoodChecker.dll"
"Message",Low,"SHIM: D:\Documents\Hackathon\FoodChecker\obj\x86\Release\ilc\intermediate\Native\FoodChecker.exe"
"Message",Low,"REDHAWK_RUNTIME_DLL_NAME_A=mrt100_app.dll"
"Message",Low,"Plik pdb: D:\Documents\Hackathon\FoodChecker\obj\x86\Release\ilc\intermediate\Native\FoodChecker.pdb"
"Message",Low,"Utworzono D:\Documents\Hackathon\FoodChecker\obj\x86\Release\ilc\intermediate\Native\FoodChecker.dll w czasie 7.670 s"
"Message",Normal,"Element „C:\Program Files (x86)\Microsoft SDKs\UWPNuGetPackages\runtime.win10-x86.microsoft.net.native.compiler\2.2.7-rel-27913-00\tools\x86\ilc\Tools\rhbind.exe @""D:\Documents\Hackathon\FoodChecker\obj\x86\Release\ilc\intermediate\rhbindargs.FoodChecker.rsp""” został zakończony."
"Message",Normal,"Statystyki wykonania procesu (wszystkie czasy w milisekundach)"
"Message",Normal,"-----------------------------------------------------------------------------"
"Message",Normal,"uruchom.| start  |  stop  |koniec |czas trwania|okres istn.|nazwa [szczelina]"
"Message",Normal,"-----------------------------------------------------------------------------"
"Message",Normal,"       0 |       15 |     7765 |     7765 |     7750 |     7765 | [0] rhbind FoodChecker"
"Message",Normal,"Liczba poleceń:   1"
"Message",Normal,"Łączny czas systemowy:     7765 ms"
"Message",Normal,"Czas systemowy na polecenie: 7765 ms"
"Message",Normal,"Łączny czas trwania:     7750 ms"
"Message",Normal,"Łączny okres istnienia:     7765 ms"
"Message",Normal,"Żądany stopień równoległości:      8"
"Message",Normal,"Stopień równoległości czasu trwania:      1,0"
"Message",Normal,"Stopień równoległości okresu istnienia:      1,0"
"Message",Low,"Zakończono wykonywanie zadania „MDILBind”."
"Message",Low,"Zakończono kompilowanie celu „MDILBind” w pliku „Binder”."
"Message",Low,"Zakończono kompilowanie projektu „Binder”."
"Message",Low,""
"Message",Low,""
"Message",Low,"Zakończono kompilowanie celu „CopyNativeExecutablesToOutput” w pliku „Deployment”."
"Message",Low,""
"Message",Low,"Zadanie „TransformAppxManifest”"
"Message",Low,"Zakończono wykonywanie zadania „TransformAppxManifest”."
"Message",Low,"Zakończono kompilowanie celu „TransformAppxManifestAndAddCrt” w pliku „Deployment”."
"Message",Low,""
"Message",Low,"Zakończono kompilowanie celu „CopyPackageResourceFileInRetailBuild” w pliku „Deployment”."
"Message",Low,"Zakończono kompilowanie projektu „Deployment”."
"Message",Low,"Kompilacja została zakończona"
